{"stats":{"minecraft:used":{"minecraft:deepslate_bricks":290,"minecraft:blaze_spawn_egg":4,"minecraft:water_bucket":1,"minecraft:anvil":1,"minecraft:campfire":1,"minecraft:ender_pearl":7},"minecraft:dropped":{"minecraft:enchanted_golden_apple":2,"minecraft:ender_pearl":16,"minecraft:blaze_spawn_egg":2},"minecraft:custom":{"minecraft:time_since_rest":52607,"minecraft:open_chest":15,"minecraft:open_shulker_box":32,"minecraft:crouch_one_cm":9551,"minecraft:play_time":52607,"minecraft:sprint_one_cm":37599,"minecraft:damage_taken":137,"minecraft:walk_one_cm":120856,"minecraft:sneak_time":3003,"minecraft:walk_under_water_one_cm":1318,"minecraft:interact_with_anvil":4,"minecraft:drop":5,"minecraft:jump":453,"minecraft:damage_dealt":159,"minecraft:leave_game":1,"minecraft:time_since_death":52607,"minecraft:walk_on_water_one_cm":2402,"minecraft:total_world_time":52607,"minecraft:fly_one_cm":160484},"minecraft:picked_up":{"minecraft:blaze_spawn_egg":2,"minecraft:item_frame":4,"minecraft:oak_sign":1,"minecraft:campfire":64,"minecraft:wheat_seeds":1,"minecraft:filled_map":9,"minecraft:warden_spawn_egg":1}},"DataVersion":3700}