{"stats":{"minecraft:used":{"minecraft:netherite_chestplate":1},"minecraft:dropped":{"minecraft:filled_map":9,"minecraft:paper":1,"minecraft:structure_void":17,"minecraft:item_frame":3},"minecraft:custom":{"minecraft:time_since_rest":14461,"minecraft:crouch_one_cm":195,"minecraft:damage_dealt":326,"minecraft:play_time":14461,"minecraft:leave_game":1,"minecraft:sprint_one_cm":10317,"minecraft:damage_taken":253,"minecraft:time_since_death":14461,"minecraft:walk_one_cm":12895,"minecraft:sneak_time":91,"minecraft:total_world_time":14461,"minecraft:drop":20,"minecraft:fall_one_cm":3132,"minecraft:fly_one_cm":20997,"minecraft:open_chest":10,"minecraft:jump":133},"minecraft:picked_up":{"minecraft:filled_map":18,"minecraft:item_frame":6,"minecraft:structure_void":16}},"DataVersion":3700}