{"stats":{"minecraft:used":{"minecraft:netherite_chestplate":1},"minecraft:dropped":{"minecraft:filled_map":9,"minecraft:paper":1,"minecraft:item_frame":3},"minecraft:custom":{"minecraft:time_since_rest":8461,"minecraft:crouch_one_cm":82,"minecraft:damage_dealt":306,"minecraft:play_time":8461,"minecraft:leave_game":1,"minecraft:sprint_one_cm":6881,"minecraft:damage_taken":253,"minecraft:time_since_death":8461,"minecraft:walk_one_cm":6781,"minecraft:sneak_time":54,"minecraft:total_world_time":8461,"minecraft:drop":3,"minecraft:fall_one_cm":1611,"minecraft:fly_one_cm":15393,"minecraft:open_chest":7,"minecraft:jump":96},"minecraft:picked_up":{"minecraft:filled_map":18,"minecraft:item_frame":6}},"DataVersion":3700}