{"stats":{"minecraft:killed_by":{"minecraft:player":1},"minecraft:used":{"minecraft:moss_block":3,"minecraft:netherite_sword":52,"minecraft:writable_book":2,"minecraft:enchanting_table":2,"minecraft:redstone_ore":2,"minecraft:armor_stand":5,"minecraft:oak_sign":52,"minecraft:mycelium":1,"minecraft:chest":8,"minecraft:stone":357,"minecraft:zombie_spawn_egg":9,"minecraft:creeper_head":6,"minecraft:player_head":21,"minecraft:oak_door":3,"minecraft:dirt":2,"minecraft:anvil":4,"minecraft:skeleton_spawn_egg":101,"minecraft:diamond_helmet":1,"minecraft:granite":15,"minecraft:milk_bucket":1,"minecraft:warden_spawn_egg":2,"minecraft:wooden_axe":13,"minecraft:red_shulker_box":3,"minecraft:honey_block":4,"minecraft:sea_lantern":42,"minecraft:lava_bucket":10,"minecraft:coal_ore":1,"minecraft:bookshelf":31,"minecraft:villager_spawn_egg":7,"minecraft:grass_block":97,"minecraft:spawner":1,"minecraft:copper_ore":2,"minecraft:chicken_spawn_egg":78,"minecraft:dark_oak_leaves":87,"minecraft:totem_of_undying":6,"minecraft:magma_cube_spawn_egg":1,"minecraft:item_frame":190,"minecraft:diamond_chestplate":1,"minecraft:magma_block":1,"minecraft:lime_concrete":2,"minecraft:emerald_block":3,"minecraft:netherite_pickaxe":4,"minecraft:dragon_head":1,"minecraft:cooked_beef":4,"minecraft:zombified_piglin_spawn_egg":7,"minecraft:enchanted_golden_apple":20,"minecraft:pointed_dripstone":9,"minecraft:calcite":206,"minecraft:end_rod":10,"minecraft:cow_spawn_egg":32,"minecraft:diamond_boots":2,"minecraft:prismarine":1,"minecraft:copper_block":1,"minecraft:iron_golem_spawn_egg":6,"minecraft:leather_chestplate":1,"minecraft:redstone_block":61,"minecraft:sandstone":1,"minecraft:red_mushroom_block":8,"minecraft:glow_ink_sac":1,"minecraft:parrot_spawn_egg":3,"minecraft:diamond_axe":3,"minecraft:sugar_cane":14,"minecraft:gold_ore":20,"minecraft:deepslate_bricks":2,"minecraft:conduit":1,"minecraft:white_wool":4,"minecraft:glow_item_frame":133,"minecraft:golden_apple":2,"minecraft:dark_oak_trapdoor":1,"minecraft:tnt":210,"minecraft:crafting_table":4,"minecraft:sponge":1,"minecraft:lime_shulker_box":1,"minecraft:infested_stone_bricks":2,"minecraft:lightning_rod":1,"minecraft:redstone_torch":1,"minecraft:purple_stained_glass":1,"minecraft:light":36,"minecraft:lever":1,"minecraft:ender_eye":7,"minecraft:red_sandstone":1,"minecraft:diamond_pickaxe":12,"minecraft:black_concrete":2,"minecraft:dark_oak_log":5,"minecraft:command_block":13,"minecraft:string":5,"minecraft:verdant_froglight":2,"minecraft:map":2,"minecraft:lectern":13,"minecraft:leather_helmet":1,"minecraft:spruce_trapdoor":4,"minecraft:diamond_ore":2,"minecraft:yellow_wool":4,"minecraft:stone_axe":4,"minecraft:diamond_sword":5,"minecraft:fishing_rod":22,"minecraft:cobblestone":49,"minecraft:potion":1,"minecraft:smithing_table":2,"minecraft:andesite":13,"minecraft:bucket":10,"minecraft:chain":3,"minecraft:glass_pane":1,"minecraft:white_concrete":268,"minecraft:gray_wool":10,"minecraft:splash_potion":8,"minecraft:diamond_leggings":2,"minecraft:pillager_spawn_egg":1,"minecraft:green_stained_glass":1},"minecraft:crafted":{"minecraft:netherite_helmet":1,"minecraft:emerald":18,"minecraft:book":41,"minecraft:netherite_ingot":1},"minecraft:dropped":{"minecraft:iron_ingot":5,"minecraft:acacia_boat":35,"minecraft:black_dye":11,"minecraft:wheat_seeds":1,"minecraft:diamond_axe":3,"minecraft:copper_block":1,"minecraft:mossy_cobblestone":1,"minecraft:diamond":72,"minecraft:nether_star":3,"minecraft:dark_oak_sapling":12,"minecraft:diamond_leggings":3,"minecraft:netherite_helmet":3,"minecraft:netherite_chestplate":6,"minecraft:cobblestone":32,"minecraft:glow_item_frame":2,"minecraft:apple":17,"minecraft:leather":8,"minecraft:grass_block":6,"minecraft:golden_apple":98,"minecraft:structure_void":64,"minecraft:emerald":1,"minecraft:dirt":7,"minecraft:dark_oak_leaves":5,"minecraft:gray_wool":128,"minecraft:dark_oak_log":12,"minecraft:netherite_scrap":1,"minecraft:milk_bucket":1,"minecraft:netherite_boots":5,"minecraft:diamond_helmet":2,"minecraft:writable_book":1,"minecraft:crimson_fence":1,"minecraft:iron_pickaxe":1,"minecraft:paper":491,"minecraft:string":3,"minecraft:brown_mushroom_block":1,"minecraft:redstone_block":2,"minecraft:bone":2,"minecraft:armor_stand":2,"minecraft:farmland":1,"minecraft:sweet_berries":2,"minecraft:sugar_cane":3,"minecraft:lever":64,"minecraft:player_head":1,"minecraft:netherite_ingot":1,"minecraft:lime_concrete":2,"minecraft:netherite_sword":3,"minecraft:obsidian":1,"minecraft:experience_bottle":2177,"minecraft:wither_skeleton_skull":2,"minecraft:enchanted_golden_apple":13,"minecraft:golden_shovel":1,"minecraft:totem_of_undying":7,"minecraft:oak_sign":6,"minecraft:blue_stained_glass":64,"minecraft:netherite_leggings":3,"minecraft:purple_stained_glass":64,"minecraft:poppy":1,"minecraft:filled_map":4,"minecraft:diamond_sword":2,"minecraft:sea_lantern":1,"minecraft:leather_chestplate":2,"minecraft:red_mushroom_block":5,"minecraft:stone":7,"minecraft:dune_armor_trim_smithing_template":1,"minecraft:diamond_chestplate":2,"minecraft:cow_spawn_egg":1,"minecraft:diamond_boots":2,"minecraft:arrow":2,"minecraft:campfire":64,"minecraft:brown_stained_glass":64,"minecraft:green_stained_glass":64},"minecraft:custom":{"minecraft:interact_with_smithing_table":4,"minecraft:interact_with_anvil":2,"minecraft:mob_kills":69,"minecraft:interact_with_crafting_table":37,"minecraft:open_shulker_box":56,"minecraft:damage_dealt_resisted":131398,"minecraft:leave_game":56,"minecraft:time_since_death":490649,"minecraft:damage_resisted":25533,"minecraft:climb_one_cm":1960,"minecraft:sprint_one_cm":1197275,"minecraft:walk_one_cm":729175,"minecraft:drop":329,"minecraft:talked_to_villager":12,"minecraft:play_time":2582709,"minecraft:deaths":7,"minecraft:sneak_time":12330,"minecraft:walk_under_water_one_cm":29905,"minecraft:jump":12753,"minecraft:walk_on_water_one_cm":51722,"minecraft:enchant_item":10,"minecraft:total_world_time":2582709,"minecraft:traded_with_villager":18,"minecraft:time_since_rest":490649,"minecraft:damage_absorbed":204,"minecraft:damage_taken":2719,"minecraft:damage_dealt":8791,"minecraft:swim_one_cm":3784,"minecraft:fly_one_cm":15078085,"minecraft:open_chest":410,"minecraft:crouch_one_cm":11207,"minecraft:fall_one_cm":28187},"minecraft:picked_up":{"minecraft:crafting_table":1,"minecraft:chicken":1,"minecraft:diamond_sword":5,"minecraft:magma_cube_spawn_egg":128,"minecraft:string":2,"minecraft:netherite_scrap":2,"minecraft:item_frame":6,"minecraft:ghast_spawn_egg":128,"minecraft:armor_stand":1,"minecraft:netherite_ingot":1,"minecraft:experience_bottle":3886,"minecraft:oak_sign":5,"minecraft:diamond_leggings":1,"minecraft:netherite_sword":4,"minecraft:crimson_fence":1,"minecraft:beef":25,"minecraft:player_head":4,"minecraft:calcite":1,"minecraft:poppy":2,"minecraft:enchanted_golden_apple":5,"minecraft:sugar_cane":2,"minecraft:mule_spawn_egg":13,"minecraft:dark_oak_sapling":17,"minecraft:stick":6,"minecraft:stone":3,"minecraft:glow_item_frame":178,"minecraft:frog_spawn_egg":64,"minecraft:arrow":8,"minecraft:rotten_flesh":1,"minecraft:totem_of_undying":4,"minecraft:gold_ingot":18,"minecraft:netherite_chestplate":11,"minecraft:obsidian":1,"minecraft:cobblestone":37,"minecraft:netherite_boots":10,"minecraft:dune_armor_trim_smithing_template":1,"minecraft:leather_chestplate":1,"minecraft:feather":2,"minecraft:cooked_beef":65,"minecraft:leather":12,"minecraft:filled_map":182,"minecraft:gunpowder":2,"minecraft:acacia_boat":11,"minecraft:wooden_hoe":1,"minecraft:netherite_leggings":8,"minecraft:dirt":969,"minecraft:paper":1593,"minecraft:bone":9,"minecraft:apple":17,"minecraft:bow":1,"minecraft:creeper_spawn_egg":64,"minecraft:wheat_seeds":27,"minecraft:iron_ingot":12,"minecraft:diamond_helmet":1,"minecraft:llama_spawn_egg":64,"minecraft:pillager_spawn_egg":195,"minecraft:sweet_berries":2,"minecraft:structure_void":64,"minecraft:grass_block":2,"minecraft:sea_lantern":1,"minecraft:diamond":46,"minecraft:netherite_helmet":8,"minecraft:lever":65,"minecraft:writable_book":1,"minecraft:diamond_axe":3,"minecraft:golden_apple":97,"minecraft:gray_wool":128,"minecraft:goat_spawn_egg":64,"minecraft:diamond_pickaxe":2},"minecraft:killed":{"minecraft:zombified_piglin":1,"minecraft:skeleton":8,"minecraft:chicken":4,"minecraft:iron_golem":2,"minecraft:creeper":1,"minecraft:zombie":1,"minecraft:wither_skeleton":1,"minecraft:villager":14,"minecraft:cow":25},"minecraft:mined":{"minecraft:stone":13,"minecraft:player_head":3,"minecraft:cobblestone":1,"minecraft:gold_ore":2,"minecraft:crimson_fence":1}},"DataVersion":3700}