{"stats":{"minecraft:used":{"minecraft:leather_leggings":1,"minecraft:armor_stand":1,"minecraft:leather_chestplate":1,"minecraft:totem_of_undying":1,"minecraft:leather_boots":1},"minecraft:dropped":{"minecraft:enchanted_golden_apple":3},"minecraft:picked_up":{"minecraft:leather_boots":1,"minecraft:leather_chestplate":1,"minecraft:armor_stand":1,"minecraft:leather_leggings":1,"minecraft:filled_map":1,"minecraft:totem_of_undying":1,"minecraft:paper":2},"minecraft:custom":{"minecraft:time_since_rest":11987,"minecraft:play_time":11987,"minecraft:crouch_one_cm":32,"minecraft:sprint_one_cm":18277,"minecraft:damage_taken":628,"minecraft:walk_one_cm":51310,"minecraft:sneak_time":156,"minecraft:walk_under_water_one_cm":6836,"minecraft:drop":3,"minecraft:jump":135,"minecraft:damage_dealt":0,"minecraft:time_since_death":11987,"minecraft:walk_on_water_one_cm":7196,"minecraft:total_world_time":11987,"minecraft:damage_resisted":412,"minecraft:swim_one_cm":8558,"minecraft:fall_one_cm":1732,"minecraft:fly_one_cm":20221}},"DataVersion":3700}