{"stats":{"minecraft:custom":{"minecraft:jump":987,"minecraft:time_since_rest":38516,"minecraft:crouch_one_cm":179,"minecraft:play_time":38516,"minecraft:leave_game":4,"minecraft:sprint_one_cm":107226,"minecraft:walk_on_water_one_cm":3636,"minecraft:time_since_death":38516,"minecraft:walk_one_cm":12411,"minecraft:sneak_time":617,"minecraft:total_world_time":38516,"minecraft:walk_under_water_one_cm":1166,"minecraft:drop":2,"minecraft:fly_one_cm":540255},"minecraft:dropped":{"minecraft:clay":1,"minecraft:dark_oak_log":1},"minecraft:picked_up":{"minecraft:glow_item_frame":1,"minecraft:dark_oak_log":1},"minecraft:used":{"minecraft:polished_diorite_stairs":2,"minecraft:glow_item_frame":1,"minecraft:clay":1,"minecraft:polished_diorite":2}},"DataVersion":3700}