{"stats":{"minecraft:custom":{"minecraft:jump":290,"minecraft:time_since_rest":26516,"minecraft:crouch_one_cm":179,"minecraft:play_time":26516,"minecraft:leave_game":4,"minecraft:sprint_one_cm":37532,"minecraft:walk_on_water_one_cm":2619,"minecraft:time_since_death":26516,"minecraft:walk_one_cm":9329,"minecraft:sneak_time":589,"minecraft:total_world_time":26516,"minecraft:walk_under_water_one_cm":953,"minecraft:fly_one_cm":343542},"minecraft:picked_up":{"minecraft:glow_item_frame":1},"minecraft:used":{"minecraft:glow_item_frame":1}},"DataVersion":3700}