{"stats":{"minecraft:custom":{"minecraft:time_since_rest":47609,"minecraft:crouch_one_cm":179,"minecraft:sprint_one_cm":143982,"minecraft:play_time":47609,"minecraft:walk_one_cm":14741,"minecraft:sneak_time":617,"minecraft:walk_under_water_one_cm":1166,"minecraft:drop":19,"minecraft:jump":1444,"minecraft:leave_game":5,"minecraft:time_since_death":47609,"minecraft:walk_on_water_one_cm":3636,"minecraft:total_world_time":47609,"minecraft:fly_one_cm":647436},"minecraft:dropped":{"minecraft:red_mushroom_block":3,"minecraft:dirt":2,"minecraft:clay":2,"minecraft:dark_oak_leaves":3,"minecraft:dark_oak_log":5,"minecraft:grass_block":6},"minecraft:picked_up":{"minecraft:glow_item_frame":1,"minecraft:clay":1,"minecraft:grass_block":1,"minecraft:dark_oak_log":3,"minecraft:dirt":1},"minecraft:used":{"minecraft:glow_item_frame":1,"minecraft:dark_oak_log":1,"minecraft:grass_block":1,"minecraft:polished_diorite_stairs":2,"minecraft:clay":1,"minecraft:polished_diorite":2}},"DataVersion":3700}