{"stats":{"minecraft:custom":{"minecraft:jump":83,"minecraft:time_since_rest":20529,"minecraft:crouch_one_cm":77,"minecraft:sprint_one_cm":9938,"minecraft:leave_game":4,"minecraft:play_time":20529,"minecraft:walk_on_water_one_cm":2619,"minecraft:time_since_death":20529,"minecraft:walk_one_cm":6286,"minecraft:sneak_time":560,"minecraft:total_world_time":20529,"minecraft:walk_under_water_one_cm":953,"minecraft:fly_one_cm":279946},"minecraft:picked_up":{"minecraft:glow_item_frame":1},"minecraft:used":{"minecraft:glow_item_frame":1}},"DataVersion":3700}