{"stats":{"minecraft:custom":{"minecraft:open_chest":1,"minecraft:time_since_rest":1393,"minecraft:deaths":1,"minecraft:damage_taken":430,"minecraft:crouch_one_cm":1257,"minecraft:leave_game":2,"minecraft:sprint_one_cm":20289,"minecraft:play_time":15751,"minecraft:time_since_death":1393,"minecraft:walk_on_water_one_cm":44,"minecraft:walk_one_cm":11623,"minecraft:sneak_time":597,"minecraft:total_world_time":15751,"minecraft:walk_under_water_one_cm":171,"minecraft:swim_one_cm":788,"minecraft:fall_one_cm":7729,"minecraft:fly_one_cm":20768,"minecraft:jump":87},"minecraft:picked_up":{"minecraft:filled_map":20,"minecraft:glow_item_frame":14},"minecraft:used":{"minecraft:glow_item_frame":14}},"DataVersion":3700}