{"stats":{"minecraft:custom":{"minecraft:open_chest":1,"minecraft:time_since_rest":7374,"minecraft:damage_taken":430,"minecraft:walk_one_cm":11623,"minecraft:crouch_one_cm":1257,"minecraft:leave_game":2,"minecraft:sprint_one_cm":20289,"minecraft:play_time":21732,"minecraft:time_since_death":7374,"minecraft:walk_on_water_one_cm":1216,"minecraft:deaths":1,"minecraft:sneak_time":1168,"minecraft:total_world_time":21732,"minecraft:walk_under_water_one_cm":706,"minecraft:swim_one_cm":788,"minecraft:fall_one_cm":7729,"minecraft:fly_one_cm":136452,"minecraft:jump":87},"minecraft:picked_up":{"minecraft:filled_map":20,"minecraft:glow_item_frame":14},"minecraft:used":{"minecraft:glow_item_frame":14}},"DataVersion":3700}