{"stats":{"minecraft:custom":{"minecraft:jump":73,"minecraft:open_chest":1,"minecraft:time_since_rest":11068,"minecraft:leave_game":1,"minecraft:crouch_one_cm":1244,"minecraft:sprint_one_cm":12486,"minecraft:play_time":11068,"minecraft:walk_on_water_one_cm":44,"minecraft:time_since_death":11068,"minecraft:walk_one_cm":6996,"minecraft:sneak_time":538,"minecraft:total_world_time":11068,"minecraft:walk_under_water_one_cm":171,"minecraft:swim_one_cm":788,"minecraft:fall_one_cm":3135,"minecraft:fly_one_cm":16685},"minecraft:picked_up":{"minecraft:glow_item_frame":10,"minecraft:filled_map":15},"minecraft:used":{"minecraft:glow_item_frame":12}},"DataVersion":3700}