{
  "placement_modifier_configurations": [
    {
      "activate": {
        "value": true,
        "activate_type": "feature:fixed_boolean"
      },
      "placement_modifier_type": "feature:activation"
    },
    {
      "count": {
        "value": 2.0,
        "count_type": "feature:fixed_double_to_integer"
      },
      "placement_modifier_type": "minecraft:count"
    },
    {
      "height": {
        "plateau": {
          "value": 0.0,
          "plateau_type": "feature:fixed_double_to_integer"
        },
        "min_inclusive": {
          "value": -32.0,
          "min_inclusive_type": "feature:fixed_double_to_integer"
        },
        "max_inclusive": {
          "value": 32.0,
          "max_inclusive_type": "feature:fixed_double_to_integer"
        },
        "height_range_type": "feature:trapezoid_integer"
      },
      "placement_modifier_type": "minecraft:height_range"
    }
  ],
  "feature_generator_configuration": {
    "targets": {
      "target_type": "feature:fixed_target_list"
    },
    "size": {
      "value": 7.0,
      "size_type": "feature:fixed_double_to_integer"
    },
    "feature_generator_type": "minecraft:ore"
  }
}